{
  "lstm_acc": 0.24867724867724866,
  "region": {
    "full": {
      "mean": 0.7520786092214663,
      "std": 0.011329466946796214
    },
    "edge": {
      "mean": 0.7493071302595112,
      "std": 0.009035233598912114
    },
    "held": {
      "mean": 0.6487780297304107,
      "std": 0.03615673908577304
    }
  },
  "region_per_class": {
    "full": [
      0.5902255639097744,
      0.5,
      0.888,
      0.9910714285714286,
      0.9210526315789473,
      0.8264462809917356,
      0.8017241379310345,
      0.4789915966386555,
      0.7410714285714286,
      0.9322033898305084
    ],
    "edge": [
      0.5902255639097744,
      0.5833333333333334,
      0.832,
      0.9821428571428571,
      0.9473684210526315,
      0.8512396694214877,
      0.7844827586206896,
      0.40336134453781514,
      0.6696428571428571,
      0.9491525423728814
    ],
    "held": [
      0.7631578947368421,
      0.30833333333333335,
      0.776,
      0.9642857142857143,
      0.8157894736842105,
      0.8347107438016529,
      0.8879310344827587,
      0.025210084033613446,
      0.5089285714285714,
      0.9576271186440678
    ]
  }
}