{
  "n": 6000,
  "n_concurrent": 710,
  "classes": [
    "healthy",
    "resistive_open",
    "bridge_short",
    "crosstalk_cap",
    "bump_void_aging",
    "supply_droop",
    "hotspot",
    "impedance_discontinuity",
    "r_drift",
    "c_drift"
  ],
  "epochs": 60,
  "multilabel": {
    "logistic_RX": {
      "exact_match": 0.0006662225183211193,
      "macro_f1": 0.27785384051657425,
      "healthy_FA": 1.0,
      "fault_detect_recall": 1.0,
      "per_class_f1": [
        0.241,
        0.215,
        0.188,
        0.183,
        0.758,
        0.274,
        0.212,
        0.21,
        0.219
      ]
    },
    "cnn_RX": {
      "exact_match": 0.5416389073950699,
      "macro_f1": 0.7177868515361486,
      "healthy_FA": 0.556390977443609,
      "fault_detect_recall": 0.9255060728744939,
      "per_class_f1": [
        0.581,
        0.79,
        0.969,
        0.496,
        0.861,
        0.679,
        0.443,
        0.667,
        0.975
      ]
    },
    "cnn_RX_TX": {
      "exact_match": 0.5256495669553631,
      "macro_f1": 0.7233607373773183,
      "healthy_FA": 0.706766917293233,
      "fault_detect_recall": 0.9352226720647774,
      "per_class_f1": [
        0.574,
        0.811,
        0.99,
        0.529,
        0.878,
        0.681,
        0.4,
        0.688,
        0.959
      ]
    },
    "cnn_RX_TX_tel": {
      "exact_match": 0.5916055962691539,
      "macro_f1": 0.7245959205023044,
      "healthy_FA": 0.5075187969924813,
      "fault_detect_recall": 0.902834008097166,
      "per_class_f1": [
        0.529,
        0.805,
        0.981,
        0.539,
        0.975,
        0.697,
        0.36,
        0.673,
        0.961
      ]
    }
  },
  "pattern_generalization": {
    "n_test": 1519,
    "n_test_seeds": 32,
    "cnn_RX": {
      "exact_match": 0.5806451612903226,
      "macro_f1": 0.717043314992921,
      "healthy_FA": 0.39015151515151514,
      "fault_detect_recall": 0.9171314741035856,
      "per_class_f1": [
        0.576,
        0.819,
        0.994,
        0.495,
        0.883,
        0.609,
        0.475,
        0.679,
        0.924
      ]
    },
    "cnn_RX_TX": {
      "exact_match": 0.5128373930217248,
      "macro_f1": 0.7130071039216118,
      "healthy_FA": 0.7386363636363636,
      "fault_detect_recall": 0.951394422310757,
      "per_class_f1": [
        0.566,
        0.816,
        0.987,
        0.46,
        0.884,
        0.727,
        0.395,
        0.648,
        0.933
      ]
    }
  },
  "telemetry_ablation_v2": {
    "A_waveform_only": {
      "acc": 0.7891156462585034,
      "healthy_FA": 0.23684210526315788,
      "stressed_healthy_FA": 0.2810810810810811
    },
    "B_plus_telemetry": {
      "acc": 0.8027210884353742,
      "healthy_FA": 0.24060150375939848,
      "stressed_healthy_FA": 0.22162162162162163
    },
    "lossy_A_margin": {
      "acc": 0.7081945369753497,
      "healthy_FA": 0.3609022556390977,
      "stressed_healthy_FA": 0.49222797927461137,
      "fault_recall": 0.7230769230769231
    },
    "lossy_B_margin_tel": {
      "acc": 0.7495003331112592,
      "healthy_FA": 0.09398496240601503,
      "stressed_healthy_FA": 0.09326424870466321,
      "fault_recall": 0.7157894736842105
    }
  },
  "open_set": {
    "bridge_short": {
      "auroc_unknown": 0.6215498885367828,
      "n_unknown": 501,
      "mean_conf_known": 0.7679410576820374,
      "mean_conf_unknown": 0.6944903135299683
    },
    "hotspot": {
      "auroc_unknown": 0.559345377075286,
      "n_unknown": 462,
      "mean_conf_known": 0.8231900930404663,
      "mean_conf_unknown": 0.8323417901992798
    },
    "c_drift": {
      "auroc_unknown": 0.3033765231198407,
      "n_unknown": 473,
      "mean_conf_known": 0.8060396909713745,
      "mean_conf_unknown": 0.9200016856193542
    }
  },
  "severity": {
    "r_drift": {
      "mae_norm": 0.07589316368103027,
      "r2": 0.8936487852275117,
      "n_test": 112
    },
    "c_drift": {
      "mae_norm": 0.07137226313352585,
      "r2": 0.9082001085649055,
      "n_test": 118
    }
  },
  "temp_holdout": {
    "extrap_hot_A_waveform_only": {
      "acc": 0.6911764705882353,
      "healthy_FA": 0.7342192691029901,
      "stressed_healthy_FA": 0.7342192691029901,
      "n_train": 3726,
      "n_test": 1564,
      "split": "train T<85C, test T>=85C"
    },
    "extrap_hot_B_plus_telemetry": {
      "acc": 0.7698209718670077,
      "healthy_FA": 0.39867109634551495,
      "stressed_healthy_FA": 0.39867109634551495,
      "n_train": 3726,
      "n_test": 1564,
      "split": "train T<85C, test T>=85C"
    },
    "interp_band_A_waveform_only": {
      "acc": 0.8055735580038885,
      "healthy_FA": 0.21597633136094674,
      "stressed_healthy_FA": 0.178743961352657,
      "n_train": 3747,
      "n_test": 1543,
      "split": "train T<60C or T>=85C, test 60<=T<85C"
    },
    "interp_band_B_plus_telemetry": {
      "acc": 0.8152948801036941,
      "healthy_FA": 0.16272189349112426,
      "stressed_healthy_FA": 0.16908212560386474,
      "n_train": 3747,
      "n_test": 1543,
      "split": "train T<60C or T>=85C, test 60<=T<85C"
    }
  },
  "telemetry_noise": {
    "levels": {
      "clean": {
        "sigma_T": 0.0,
        "sigma_vdr": 0.0,
        "droop_undersampling": null
      },
      "dts1C_v0.5pct": {
        "sigma_T": 1.0,
        "sigma_vdr": 0.005,
        "droop_undersampling": null
      },
      "dts2C_v1pct": {
        "sigma_T": 2.0,
        "sigma_vdr": 0.01,
        "droop_undersampling": null
      },
      "dts5C_v2pct": {
        "sigma_T": 5.0,
        "sigma_vdr": 0.02,
        "droop_undersampling": null
      },
      "undersampled_droop": {
        "sigma_T": 2.0,
        "sigma_vdr": 0.01,
        "droop_undersampling": [
          0.6,
          1.0
        ]
      }
    },
    "lossy_margin_tel": {
      "clean": {
        "acc": [
          0.7119697979125027,
          0.03978909838784704
        ],
        "healthy_FA": [
          0.03884711779448621,
          0.040061071085578395
        ],
        "stressed_healthy_FA": [
          0.03626943005181347,
          0.040797968259128556
        ],
        "fault_recall": [
          0.6582995951417004,
          0.055656850800282286
        ]
      },
      "dts1C_v0.5pct": {
        "acc": [
          0.7086386853208971,
          0.03742855790545582
        ],
        "healthy_FA": [
          0.03508771929824561,
          0.0349082412962008
        ],
        "stressed_healthy_FA": [
          0.037996545768566495,
          0.039985619698757253
        ],
        "fault_recall": [
          0.6534412955465587,
          0.05198607585190134
        ]
      },
      "dts2C_v1pct": {
        "acc": [
          0.7035309793471018,
          0.03206646475281736
        ],
        "healthy_FA": [
          0.05513784461152882,
          0.04451709190058048
        ],
        "stressed_healthy_FA": [
          0.07081174438687392,
          0.05712551091033239
        ],
        "fault_recall": [
          0.6515519568151147,
          0.048404229509229645
        ]
      },
      "dts5C_v2pct": {
        "acc": [
          0.7033089051743282,
          0.02948154879018624
        ],
        "healthy_FA": [
          0.08145363408521303,
          0.06308126791304872
        ],
        "stressed_healthy_FA": [
          0.10880829015544041,
          0.08680367442576209
        ],
        "fault_recall": [
          0.6569500674763832,
          0.04929896784432797
        ]
      },
      "undersampled_droop": {
        "acc": [
          0.709526982011992,
          0.038321792574336405
        ],
        "healthy_FA": [
          0.09523809523809523,
          0.079886603761951
        ],
        "stressed_healthy_FA": [
          0.11398963730569948,
          0.09757821686926103
        ],
        "fault_recall": [
          0.6674763832658569,
          0.06329040161706213
        ]
      }
    },
    "lossy_train_clean_test_noisy": {
      "acc": 0.7401732178547635,